Player,Team
Asa Newell,ATL
Caleb Houstan,ATL
Dyson Daniels,ATL
Eli John Ndiaye,ATL
Jacob Toppin,ATL
Jalen Johnson,ATL
Keaton Wallace,ATL
Kristaps Porzingis,ATL
Luke Kennard,ATL
Mouhamed Gueye,ATL
NFaly Dante,ATL
Nickeil Alexander-Walker,ATL
Onyeka Okongwu,ATL
Trae Young,ATL
Vit Krejci,ATL
Zaccharie Risacher,ATL
Ben Saraf,BKN
Cam Thomas,BKN
Danny Wolf,BKN
DayRon Sharpe,BKN
Drake Powell,BKN
EJ Liddell,BKN
Egor Demin,BKN
Jalen Wilson,BKN
Michael Porter Jr.,BKN
Nicolas Claxton,BKN
Noah Clowney,BKN
Nolan Traore,BKN
Terance Mann,BKN
Tyrese Martin,BKN
Tyson Etienne,BKN
Ziaire Williams,BKN
Anfernee Simons,BOS
Baylor Scheierman,BOS
Chris Boucher,BOS
Derrick White,BOS
Hugo Gonzalez,BOS
Jaylen Brown,BOS
Jordan Walsh,BOS
Josh Minott,BOS
Luka Garza,BOS
Neemias Queta,BOS
Payton Pritchard,BOS
Sam Hauser,BOS
Xavier Tillman,BOS
Brandon Miller,CHA
Collin Sexton,CHA
KJ Simpson,CHA
Kon Knueppel,CHA
LaMelo Ball,CHA
Liam McNeeley,CHA
Mason Plumlee,CHA
Miles Bridges,CHA
Moussa Diabate,CHA
Pat Connaughton,CHA
Ryan Kalkbrenner,CHA
Sion James,CHA
Tidjane Salaun,CHA
Tre Mann,CHA
Ayo Dosunmu,CHI
Dalen Terry,CHI
Isaac Okoro,CHI
Jalen Smith,CHI
Jevon Carter,CHI
Josh Giddey,CHI
Julian Phillips,CHI
Kevin Huerter,CHI
Matas Buzelis,CHI
Nikola Vucevic,CHI
Patrick Williams,CHI
Tre Jones,CHI
Craig Porter Jr.,CLE
DeAndre Hunter,CLE
Dean Wade,CLE
Donovan Mitchell,CLE
Evan Mobley,CLE
Jarrett Allen,CLE
Jaylon Tyson,CLE
Larry Nance Jr.,CLE
Lonzo Ball,CLE
Luke Travers,CLE
NaeQwan Tomlin,CLE
Sam Merrill,CLE
Thomas Bryant,CLE
Tyrese Proctor,CLE
Anthony Davis,DAL
Brandon Williams,DAL
Caleb Martin,DAL
Cooper Flagg,DAL
DAngelo Russell,DAL
Daniel Gafford,DAL
Dereck Lively II,DAL
Dwight Powell,DAL
Jaden Hardy,DAL
Klay Thompson,DAL
Max Christie,DAL
Miles Kelly,DAL
Naji Marshall,DAL
P.J. Washington,DAL
Ryan Nembhard,DAL
Aaron Gordon,DEN
Bruce Brown,DEN
Cameron Johnson,DEN
Christian Braun,DEN
DaRon Holmes II,DEN
Hunter Tyson,DEN
Jalen Pickett,DEN
Jamal Murray,DEN
Jonas Valanciunas,DEN
Julian Strawther,DEN
Nikola Jokic,DEN
Peyton Watson,DEN
Spencer Jones,DEN
Tim Hardaway Jr.,DEN
Zeke Nnaji,DEN
Ausar Thompson,DET
Cade Cunningham,DET
Caris LeVert,DET
Chaz Lanier,DET
Daniss Jenkins,DET
Duncan Robinson,DET
Isaiah Stewart,DET
Jalen Duren,DET
Javonte Green,DET
Marcus Sasser,DET
Paul Reed,DET
Ron Holland II,DET
Tobias Harris,DET
Al Horford,GSWW
Alex Toohey,GSWW
Brandin Podziemski,GSWW
Buddy Hield,GSWW
DeAnthony Melton,GSWW
Draymond Green,GSWW
Gary Payton II,GSWW
Gui Santos,GSWW
Jackson Rowe,GSWW
Jimmy Butler,GSWW
Jonathan Kuminga,GSWW
Moses Moody,GSWW
Pat Spencer,GSWW
Quinten Post,GSWW
Stephen Curry,GSWW
Trayce Jackson-Davis,GSWW
Will Richard,GSWW
Aaron Holiday,HOU
Alperen Sengun,HOU
Amen Thompson,HOU
Clint Capela,HOU
Dorian Finney-Smith,HOU
Fred VanVleet,HOU
Isaiah Crawford,HOU
JD Davison,HOU
Jabari Smith Jr.,HOU
JaeSean Tate,HOU
Jeff Green,HOU
Josh Okogie,HOU
Kevin Durant,HOU
Kevon Harris,HOU
Reed Sheppard,HOU
Steven Adams,HOU
Tari Eason,HOU
Aaron Nesmith,IND
Andrew Nembhard,IND
Ben Sheppard,IND
Bennedict Mathurin,IND
Isaiah Jackson,IND
James Wiseman,IND
Jarace Walker,IND
Jay Huff,IND
Jeremiah Robinson-Earl,IND
Johnny Furphy,IND
Mac McClung,IND
Obi Toppin,IND
Pascal Siakam,IND
Quenton Jackson,IND
RayJ Dennis,IND
Taelon Peter,IND
Tony Bradley,IND
Bogdan Bogdanovic,LAC
Bradley Beal,LAC
Brook Lopez,LAC
Cam Christie,LAC
Chris Paul,LAC
Derrick Jones Jr.,LAC
Ivica Zubac,LAC
Jahmyl Telfort,LAC
James Harden,LAC
John Collins,LAC
Kawhi Leonard,LAC
Kobe Brown,LAC
Kobe Sanders,LAC
Kris Dunn,LAC
Nicolas Batum,LAC
Yanic Konan Niederhauser,LAC
Adou Thiero,LAL
Austin Reaves,LAL
Bronny James Jr.,LAL
Chris Manon,LAL
Christian Koloko,LAL
Dalton Knecht,LAL
Deandre Ayton,LAL
Gabe Vincent,LAL
Jake LaRavia,LAL
Jarred Vanderbilt,LAL
Jaxson Hayes,LAL
LeBron James,LAL
Luka Doncic,LAL
Marcus Smart,LAL
Maxi Kleber,LAL
Nick Smith Jr.,LAL
Rui Hachimura,LAL
Cam Spencer,MEM
Cedric Coward,MEM
Charles Bassey,MEM
GG Jackson II,MEM
Ja Morant,MEM
Jaren Jackson Jr.,MEM
Javon Small,MEM
Jaylen Wells,MEM
Jock Landale,MEM
John Konchar,MEM
Kentavious Caldwell-Pope,MEM
Olivier-Maxence Prosper,MEM
PJ Hall,MEM
Santi Aldama,MEM
Vince Williams Jr.,MEM
Andrew Wiggins,MIA
Bam Adebayo,MIA
Davion Mitchell,MIA
Dru Smith,MIA
Jahmir Young,MIA
Jaime Jaquez Jr.,MIA
Kelel Ware,MIA
Keshad Johnson,MIA
Nikola Jovic,MIA
Norman Powell,MIA
Pelle Larsson,MIA
Simone Fontecchio,MIA
Vladislav Goldin,MIA
AJ Green,MIL
Amir Coffey,MIL
Andre Jackson Jr.,MIL
Bobby Portis,MIL
Cole Anthony,MIL
Gary Trent Jr.,MIL
Giannis Antetokounmpo,MIL
Jericho Sims,MIL
Kevin Porter Jr.,MIL
Kyle Kuzma,MIL
Myles Turner,MIL
Pete Nance,MIL
Ryan Rollins,MIL
Taurean Prince,MIL
Anthony Edwards,MIN
Bones Hyland,MIN
Donte DiVincenzo,MIN
Jaden McDaniels,MIN
Jaylen Clark,MIN
Joe Ingles,MIN
Julius Randle,MIN
Leonard Miller,MIN
Mike Conley,MIN
Naz Reid,MIN
Rob Dillingham,MIN
Rudy Gobert,MIN
Terrence Shannon Jr.,MIN
Bryce McGowens,NOP
DeAndre Jordan,NOP
Derik Queen,NOP
Herbert Jones,NOP
Hunter Dickinson,NOP
Jeremiah Fears,NOP
Jordan Hawkins,NOP
Jordan Poole,NOP
Jose Alvarado,NOP
Karlo Matkovic,NOP
Kevon Looney,NOP
Micah Peavy,NOP
Saddiq Bey,NOP
Trey Murphy III,NOP
Yves Missi,NOP
Zion Williamson,NOP
Ariel Hukporti,NYK
Guerschon Yabusele,NYK
Jalen Brunson,NYK
Jordan Clarkson,NYK
Josh Hart,NYK
Karl-Anthony Towns,NYK
Landry Shamet,NYK
Mikal Bridges,NYK
Miles McBride,NYK
Mitchell Robinson,NYK
Mohamed Diawara,NYK
OG Anunoby,NYK
Pacome Dadiet,NYK
Tosan Evbuomwan,NYK
Trey Jemison,NYK
Tyler Kolek,NYK
Aaron Wiggins,OKC
Ajay Mitchell,OKC
Alex Caruso,OKC
Branden Carlson,OKC
Brooks Barnhizer,OKC
Cason Wallace,OKC
Chet Holmgren,OKC
Chris Youngblood,OKC
Isaiah Hartenstein,OKC
Isaiah Joe,OKC
Jalen Williams,OKC
Jaylin Williams,OKC
Kenrich Williams,OKC
Luguentz Dort,OKC
Nikola Topic,OKC
Ousmane Dieng,OKC
Shai Gilgeous-Alexander,OKC
Thomas Sorber,OKC
Anthony Black,ORL
Desmond Bane,ORL
Franz Wagner,ORL
Goga Bitadze,ORL
Jalen Suggs,ORL
Jase Richardson,ORL
Jett Howard,ORL
Jonathan Isaac,ORL
Noah Penda,ORL
Paolo Banchero,ORL
Tristan Da Silva,ORL
Tyus Jones,ORL
Wendell Carter Jr.,ORL
Adem Bona,PHI
Andre Drummond,PHI
Dominick Barlow,PHI
Eric Gordon,PHI
Jabari Walker,PHI
Jared McCain,PHI
Joel Embiid,PHI
Justin Edwards,PHI
Kelly Oubre Jr.,PHI
Kyle Lowry,PHI
Quentin Grimes,PHI
Trendon Watford,PHI
Tyrese Maxey,PHI
VJ Edgecombe,PHI
Collin Gillespie,PHX
Devin Booker,PHX
Dillon Brooks,PHX
Grayson Allen,PHX
Isaiah Livers,PHX
Jalen Green,PHX
Jordan Goodwin,PHX
Khaman Maluach,PHX
Mark Williams,PHX
Nick Richards,PHX
Nigel Hayes,PHX
Oso Ighodaro,PHX
Rasheer Fleming,PHX
Royce ONeale,PHX
Ryan Dunn,PHX
Blake Wesley,POR
Caleb Love,POR
Deni Avdija,POR
Donovan Clingan,POR
Duop Reath,POR
Jerami Grant,POR
Jrue Holiday,POR
Kris Murray,POR
Matisse Thybulle,POR
Rayan Rupert,POR
Robert Williams,POR
Shaedon Sharpe,POR
Sidy Cissoko,POR
Toumani Camara,POR
Yang Hansen,POR
Daeqwon Plowden,SAC
Dario Saric,SAC
DeMar DeRozan,SAC
Dennis Schroder,SAC
Devin Carter,SAC
Domantas Sabonis,SAC
Doug McDermott,SAC
Drew Eubanks,SAC
Dylan Cardwell,SAC
Isaac Jones,SAC
Keon Ellis,SAC
Malik Monk,SAC
Maxime Raynaud,SAC
Nique Clifford,SAC
Russell Westbrook,SAC
Zach Lavine,SAC
Bismack Biyombo,SAS
Carter Bryant,SAS
David Jones-Garcia,SAS
Devin Vassell,SAS
Dylan Harper,SAS
Harrison Barnes,SAS
Harrison Ingram,SAS
Jordan McLaughlin,SAS
Julian Champagnie,SAS
Keldon Johnson,SAS
Luke Kornet,SAS
Riley Minix,SAS
Stephon Castle,SAS
Victor Wembanyama,SAS
Brandon Ingram,TOR
Collin Murray-Boyles,TOR
Gradey Dick,TOR
Immanuel Quickley,TOR
JaKobe Walter,TOR
Jakob Poeltl,TOR
Jamal Shead,TOR
Jamison Battle,TOR
Jonathan Mogbo,TOR
Ochai Agbaji,TOR
RJ Barrett,TOR
Sandro Mamukelashvili,TOR
Scottie Barnes,TOR
Ace Bailey,UTA
Brice Sensabaugh,UTA
Cody Williams,UTA
Elijah Harkless,UTA
Isaiah Collier,UTA
Jusuf Nurkic,UTA
Kevin Love,UTA
Keyonte George,UTA
Kyle Anderson,UTA
Kyle Filipowski,UTA
Lauri Markkanen,UTA
Svi Mykhailiuk,UTA
Taylor Hendricks,UTA
Walker Kessler,UTA
Walter Clayton Jr.,UTA
AJ Johnson,WAS
Alexandre Sarr,WAS
Anthony Gill,WAS
Bilal Coulibaly,WAS
Bub Carrington,WAS
CJ McCollum,WAS
Cam Whitmore,WAS
Corey Kispert,WAS
Justin Champagnie,WAS
Khris Middleton,WAS
Kyshawn George,WAS
Malaki Branham,WAS
Marvin Bagley,WAS
Tre Johnson,WAS
Tristan Vukcevic,WAS
Will Riley,WAS
